Customer_ID,Customer_Name,City,Region
CUST0001,Customer_1,Hyderabad,South
CUST0002,Customer_2,Nagpur,West
CUST0003,Customer_3,Kolkata,East
CUST0004,Customer_4,Patna,East
CUST0005,Customer_5,Lucknow,North
CUST0006,Customer_6,Kochi,South
CUST0007,Customer_7,Kolkata,East
CUST0008,Customer_8,Bengaluru,South
CUST0009,Customer_9,Hyderabad,South
CUST0010,Customer_10,Jaipur,North
CUST0011,Customer_11,Nashik,West
CUST0012,Customer_12,Hyderabad,South
CUST0013,Customer_13,Lucknow,North
CUST0014,Customer_14,Lucknow,North
CUST0015,Customer_15,Kochi,South
CUST0016,Customer_16,Bengaluru,South
CUST0017,Customer_17,Nagpur,West
CUST0018,Customer_18,Kochi,South
CUST0019,Customer_19,Kochi,South
CUST0020,Customer_20,Nashik,West
CUST0021,Customer_21,Chennai,South
CUST0022,Customer_22,Bengaluru,South
CUST0023,Customer_23,Mumbai,West
CUST0024,Customer_24,Kochi,South
CUST0025,Customer_25,Chandigarh,North
CUST0026,Customer_26,Bhubaneswar,East
CUST0027,Customer_27,Chennai,South
CUST0028,Customer_28,Mumbai,West
CUST0029,Customer_29,Guwahati,East
CUST0030,Customer_30,Chandigarh,North
CUST0031,Customer_31,Bengaluru,South
CUST0032,Customer_32,Pune,West
CUST0033,Customer_33,Chandigarh,North
CUST0034,Customer_34,Jaipur,North
CUST0035,Customer_35,Chennai,South
CUST0036,Customer_36,Kolkata,East
CUST0037,Customer_37,Chandigarh,North
CUST0038,Customer_38,Delhi,North
CUST0039,Customer_39,Pune,West
CUST0040,Customer_40,Lucknow,North
CUST0041,Customer_41,Lucknow,North
CUST0042,Customer_42,Patna,East
CUST0043,Customer_43,Jaipur,North
CUST0044,Customer_44,Guwahati,East
CUST0045,Customer_45,Chandigarh,North
CUST0046,Customer_46,Chandigarh,North
CUST0047,Customer_47,Guwahati,East
CUST0048,Customer_48,Patna,East
CUST0049,Customer_49,Bhubaneswar,East
CUST0050,Customer_50,Bhubaneswar,East
CUST0051,Customer_51,Patna,East
CUST0052,Customer_52,Bhubaneswar,East
CUST0053,Customer_53,Nashik,West
CUST0054,Customer_54,Chandigarh,North
CUST0055,Customer_55,Hyderabad,South
CUST0056,Customer_56,Nagpur,West
CUST0057,Customer_57,Guwahati,East
CUST0058,Customer_58,Delhi,North
CUST0059,Customer_59,Nashik,West
CUST0060,Customer_60,Bengaluru,South
CUST0061,Customer_61,Nashik,West
CUST0062,Customer_62,Hyderabad,South
CUST0063,Customer_63,Bengaluru,South
CUST0064,Customer_64,Delhi,North
CUST0065,Customer_65,Hyderabad,South
CUST0066,Customer_66,Mumbai,West
CUST0067,Customer_67,Nagpur,West
CUST0068,Customer_68,Delhi,North
CUST0069,Customer_69,Chandigarh,North
CUST0070,Customer_70,Bhubaneswar,East
CUST0071,Customer_71,Mumbai,West
CUST0072,Customer_72,Jaipur,North
CUST0073,Customer_73,Delhi,North
CUST0074,Customer_74,Jaipur,North
CUST0075,Customer_75,Bengaluru,South
CUST0076,Customer_76,Mumbai,West
CUST0077,Customer_77,Nagpur,West
CUST0078,Customer_78,Chandigarh,North
CUST0079,Customer_79,Patna,East
CUST0080,Customer_80,Chandigarh,North
CUST0081,Customer_81,Hyderabad,South
CUST0082,Customer_82,Chandigarh,North
CUST0083,Customer_83,Kolkata,East
CUST0084,Customer_84,Kochi,South
CUST0085,Customer_85,Patna,East
CUST0086,Customer_86,Nashik,West
CUST0087,Customer_87,Bhubaneswar,East
CUST0088,Customer_88,Pune,West
CUST0089,Customer_89,Nagpur,West
CUST0090,Customer_90,Mumbai,West
CUST0091,Customer_91,Kochi,South
CUST0092,Customer_92,Nagpur,West
CUST0093,Customer_93,Mumbai,West
CUST0094,Customer_94,Bhubaneswar,East
CUST0095,Customer_95,Chennai,South
CUST0096,Customer_96,Chennai,South
CUST0097,Customer_97,Jaipur,North
CUST0098,Customer_98,Nagpur,West
CUST0099,Customer_99,Chennai,South
CUST0100,Customer_100,Kolkata,East
CUST0101,Customer_101,Patna,East
CUST0102,Customer_102,Mumbai,West
CUST0103,Customer_103,Jaipur,North
CUST0104,Customer_104,Chandigarh,North
CUST0105,Customer_105,Mumbai,West
CUST0106,Customer_106,Jaipur,North
CUST0107,Customer_107,Bhubaneswar,East
CUST0108,Customer_108,Nagpur,West
CUST0109,Customer_109,Bhubaneswar,East
CUST0110,Customer_110,Patna,East
CUST0111,Customer_111,Guwahati,East
CUST0112,Customer_112,Patna,East
CUST0113,Customer_113,Kochi,South
CUST0114,Customer_114,Bhubaneswar,East
CUST0115,Customer_115,Hyderabad,South
CUST0116,Customer_116,Chandigarh,North
CUST0117,Customer_117,Delhi,North
CUST0118,Customer_118,Bhubaneswar,East
CUST0119,Customer_119,Kochi,South
CUST0120,Customer_120,Bengaluru,South
CUST0121,Customer_121,Guwahati,East
CUST0122,Customer_122,Kolkata,East
CUST0123,Customer_123,Mumbai,West
CUST0124,Customer_124,Patna,East
CUST0125,Customer_125,Bengaluru,South
CUST0126,Customer_126,Kochi,South
CUST0127,Customer_127,Jaipur,North
CUST0128,Customer_128,Delhi,North
CUST0129,Customer_129,Chandigarh,North
CUST0130,Customer_130,Chandigarh,North
CUST0131,Customer_131,Chandigarh,North
CUST0132,Customer_132,Kolkata,East
CUST0133,Customer_133,Delhi,North
CUST0134,Customer_134,Kolkata,East
CUST0135,Customer_135,Patna,East
CUST0136,Customer_136,Kolkata,East
CUST0137,Customer_137,Pune,West
CUST0138,Customer_138,Delhi,North
CUST0139,Customer_139,Hyderabad,South
CUST0140,Customer_140,Delhi,North
CUST0141,Customer_141,Kochi,South
CUST0142,Customer_142,Pune,West
CUST0143,Customer_143,Chandigarh,North
CUST0144,Customer_144,Kochi,South
CUST0145,Customer_145,Kochi,South
CUST0146,Customer_146,Patna,East
CUST0147,Customer_147,Lucknow,North
CUST0148,Customer_148,Nashik,West
CUST0149,Customer_149,Pune,West
CUST0150,Customer_150,Kochi,South
CUST0151,Customer_151,Nashik,West
CUST0152,Customer_152,Nashik,West
CUST0153,Customer_153,Pune,West
CUST0154,Customer_154,Lucknow,North
CUST0155,Customer_155,Bengaluru,South
CUST0156,Customer_156,Jaipur,North
CUST0157,Customer_157,Hyderabad,South
CUST0158,Customer_158,Jaipur,North
CUST0159,Customer_159,Delhi,North
CUST0160,Customer_160,Chandigarh,North
CUST0161,Customer_161,Hyderabad,South
CUST0162,Customer_162,Delhi,North
CUST0163,Customer_163,Kochi,South
CUST0164,Customer_164,Chandigarh,North
CUST0165,Customer_165,Mumbai,West
CUST0166,Customer_166,Pune,West
CUST0167,Customer_167,Guwahati,East
CUST0168,Customer_168,Hyderabad,South
CUST0169,Customer_169,Hyderabad,South
CUST0170,Customer_170,Bhubaneswar,East
CUST0171,Customer_171,Kochi,South
CUST0172,Customer_172,Bengaluru,South
CUST0173,Customer_173,Nashik,West
CUST0174,Customer_174,Chandigarh,North
CUST0175,Customer_175,Kochi,South
CUST0176,Customer_176,Chennai,South
CUST0177,Customer_177,Lucknow,North
CUST0178,Customer_178,Nashik,West
CUST0179,Customer_179,Pune,West
CUST0180,Customer_180,Nashik,West
CUST0181,Customer_181,Bengaluru,South
CUST0182,Customer_182,Patna,East
CUST0183,Customer_183,Bhubaneswar,East
CUST0184,Customer_184,Nashik,West
CUST0185,Customer_185,Pune,West
CUST0186,Customer_186,Bengaluru,South
CUST0187,Customer_187,Jaipur,North
CUST0188,Customer_188,Hyderabad,South
CUST0189,Customer_189,Patna,East
CUST0190,Customer_190,Bhubaneswar,East
CUST0191,Customer_191,Hyderabad,South
CUST0192,Customer_192,Lucknow,North
CUST0193,Customer_193,Delhi,North
CUST0194,Customer_194,Patna,East
CUST0195,Customer_195,Patna,East
CUST0196,Customer_196,Jaipur,North
CUST0197,Customer_197,Jaipur,North
CUST0198,Customer_198,Chandigarh,North
CUST0199,Customer_199,Kolkata,East
CUST0200,Customer_200,Nashik,West
CUST0201,Customer_201,Patna,East
CUST0202,Customer_202,Guwahati,East
CUST0203,Customer_203,Hyderabad,South
CUST0204,Customer_204,Pune,West
CUST0205,Customer_205,Nagpur,West
CUST0206,Customer_206,Kolkata,East
CUST0207,Customer_207,Guwahati,East
CUST0208,Customer_208,Nagpur,West
CUST0209,Customer_209,Bhubaneswar,East
CUST0210,Customer_210,Bengaluru,South
CUST0211,Customer_211,Hyderabad,South
CUST0212,Customer_212,Hyderabad,South
CUST0213,Customer_213,Kolkata,East
CUST0214,Customer_214,Patna,East
CUST0215,Customer_215,Lucknow,North
CUST0216,Customer_216,Kolkata,East
CUST0217,Customer_217,Nagpur,West
CUST0218,Customer_218,Kolkata,East
CUST0219,Customer_219,Guwahati,East
CUST0220,Customer_220,Hyderabad,South
CUST0221,Customer_221,Lucknow,North
CUST0222,Customer_222,Nashik,West
CUST0223,Customer_223,Chennai,South
CUST0224,Customer_224,Chandigarh,North
CUST0225,Customer_225,Mumbai,West
CUST0226,Customer_226,Jaipur,North
CUST0227,Customer_227,Kolkata,East
CUST0228,Customer_228,Bhubaneswar,East
CUST0229,Customer_229,Delhi,North
CUST0230,Customer_230,Bengaluru,South
CUST0231,Customer_231,Chennai,South
CUST0232,Customer_232,Chandigarh,North
CUST0233,Customer_233,Chandigarh,North
CUST0234,Customer_234,Chandigarh,North
CUST0235,Customer_235,Chandigarh,North
CUST0236,Customer_236,Nagpur,West
CUST0237,Customer_237,Bhubaneswar,East
CUST0238,Customer_238,Bhubaneswar,East
CUST0239,Customer_239,Lucknow,North
CUST0240,Customer_240,Guwahati,East
CUST0241,Customer_241,Jaipur,North
CUST0242,Customer_242,Hyderabad,South
CUST0243,Customer_243,Chandigarh,North
CUST0244,Customer_244,Delhi,North
CUST0245,Customer_245,Hyderabad,South
CUST0246,Customer_246,Bhubaneswar,East
CUST0247,Customer_247,Pune,West
CUST0248,Customer_248,Pune,West
CUST0249,Customer_249,Delhi,North
CUST0250,Customer_250,Lucknow,North
CUST0251,Customer_251,Bhubaneswar,East
CUST0252,Customer_252,Delhi,North
CUST0253,Customer_253,Nagpur,West
CUST0254,Customer_254,Kolkata,East
CUST0255,Customer_255,Delhi,North
CUST0256,Customer_256,Nashik,West
CUST0257,Customer_257,Hyderabad,South
CUST0258,Customer_258,Chennai,South
CUST0259,Customer_259,Kochi,South
CUST0260,Customer_260,Lucknow,North
CUST0261,Customer_261,Delhi,North
CUST0262,Customer_262,Bhubaneswar,East
CUST0263,Customer_263,Bengaluru,South
CUST0264,Customer_264,Pune,West
CUST0265,Customer_265,Nashik,West
CUST0266,Customer_266,Jaipur,North
CUST0267,Customer_267,Chandigarh,North
CUST0268,Customer_268,Kochi,South
CUST0269,Customer_269,Patna,East
CUST0270,Customer_270,Lucknow,North
CUST0271,Customer_271,Chennai,South
CUST0272,Customer_272,Guwahati,East
CUST0273,Customer_273,Guwahati,East
CUST0274,Customer_274,Kochi,South
CUST0275,Customer_275,Delhi,North
CUST0276,Customer_276,Nagpur,West
CUST0277,Customer_277,Pune,West
CUST0278,Customer_278,Bhubaneswar,East
CUST0279,Customer_279,Pune,West
CUST0280,Customer_280,Jaipur,North
CUST0281,Customer_281,Nagpur,West
CUST0282,Customer_282,Chandigarh,North
CUST0283,Customer_283,Bhubaneswar,East
CUST0284,Customer_284,Hyderabad,South
CUST0285,Customer_285,Mumbai,West
CUST0286,Customer_286,Nashik,West
CUST0287,Customer_287,Pune,West
CUST0288,Customer_288,Bengaluru,South
CUST0289,Customer_289,Pune,West
CUST0290,Customer_290,Kochi,South
CUST0291,Customer_291,Pune,West
CUST0292,Customer_292,Lucknow,North
CUST0293,Customer_293,Pune,West
CUST0294,Customer_294,Mumbai,West
CUST0295,Customer_295,Mumbai,West
CUST0296,Customer_296,Chandigarh,North
CUST0297,Customer_297,Chennai,South
CUST0298,Customer_298,Hyderabad,South
CUST0299,Customer_299,Bengaluru,South
CUST0300,Customer_300,Guwahati,East
CUST0301,Customer_301,Pune,West
CUST0302,Customer_302,Pune,West
CUST0303,Customer_303,Nashik,West
CUST0304,Customer_304,Bhubaneswar,East
CUST0305,Customer_305,Mumbai,West
CUST0306,Customer_306,Bengaluru,South
CUST0307,Customer_307,Chandigarh,North
CUST0308,Customer_308,Jaipur,North
CUST0309,Customer_309,Guwahati,East
CUST0310,Customer_310,Chennai,South
CUST0311,Customer_311,Guwahati,East
CUST0312,Customer_312,Hyderabad,South
CUST0313,Customer_313,Nagpur,West
CUST0314,Customer_314,Hyderabad,South
CUST0315,Customer_315,Lucknow,North
CUST0316,Customer_316,Kochi,South
CUST0317,Customer_317,Lucknow,North
CUST0318,Customer_318,Pune,West
CUST0319,Customer_319,Patna,East
CUST0320,Customer_320,Chennai,South
CUST0321,Customer_321,Kochi,South
CUST0322,Customer_322,Bengaluru,South
CUST0323,Customer_323,Nagpur,West
CUST0324,Customer_324,Mumbai,West
CUST0325,Customer_325,Chennai,South
CUST0326,Customer_326,Chennai,South
CUST0327,Customer_327,Lucknow,North
CUST0328,Customer_328,Patna,East
CUST0329,Customer_329,Guwahati,East
CUST0330,Customer_330,Guwahati,East
CUST0331,Customer_331,Pune,West
CUST0332,Customer_332,Delhi,North
CUST0333,Customer_333,Chandigarh,North
CUST0334,Customer_334,Lucknow,North
CUST0335,Customer_335,Chennai,South
CUST0336,Customer_336,Guwahati,East
CUST0337,Customer_337,Kolkata,East
CUST0338,Customer_338,Nashik,West
CUST0339,Customer_339,Nagpur,West
CUST0340,Customer_340,Chandigarh,North
CUST0341,Customer_341,Lucknow,North
CUST0342,Customer_342,Nagpur,West
CUST0343,Customer_343,Nashik,West
CUST0344,Customer_344,Jaipur,North
CUST0345,Customer_345,Nashik,West
CUST0346,Customer_346,Patna,East
CUST0347,Customer_347,Nashik,West
CUST0348,Customer_348,Nagpur,West
CUST0349,Customer_349,Guwahati,East
CUST0350,Customer_350,Hyderabad,South
CUST0351,Customer_351,Nagpur,West
CUST0352,Customer_352,Delhi,North
CUST0353,Customer_353,Pune,West
CUST0354,Customer_354,Kochi,South
CUST0355,Customer_355,Guwahati,East
CUST0356,Customer_356,Hyderabad,South
CUST0357,Customer_357,Mumbai,West
CUST0358,Customer_358,Kochi,South
CUST0359,Customer_359,Pune,West
CUST0360,Customer_360,Lucknow,North
CUST0361,Customer_361,Chandigarh,North
CUST0362,Customer_362,Delhi,North
CUST0363,Customer_363,Delhi,North
CUST0364,Customer_364,Mumbai,West
CUST0365,Customer_365,Hyderabad,South
CUST0366,Customer_366,Patna,East
CUST0367,Customer_367,Bhubaneswar,East
CUST0368,Customer_368,Jaipur,North
CUST0369,Customer_369,Nashik,West
CUST0370,Customer_370,Hyderabad,South
CUST0371,Customer_371,Chandigarh,North
CUST0372,Customer_372,Guwahati,East
CUST0373,Customer_373,Jaipur,North
CUST0374,Customer_374,Guwahati,East
CUST0375,Customer_375,Delhi,North
CUST0376,Customer_376,Nagpur,West
CUST0377,Customer_377,Chandigarh,North
CUST0378,Customer_378,Pune,West
CUST0379,Customer_379,Mumbai,West
CUST0380,Customer_380,Pune,West
CUST0381,Customer_381,Guwahati,East
CUST0382,Customer_382,Bhubaneswar,East
CUST0383,Customer_383,Chandigarh,North
CUST0384,Customer_384,Bengaluru,South
CUST0385,Customer_385,Bengaluru,South
CUST0386,Customer_386,Guwahati,East
CUST0387,Customer_387,Lucknow,North
CUST0388,Customer_388,Hyderabad,South
CUST0389,Customer_389,Delhi,North
CUST0390,Customer_390,Delhi,North
CUST0391,Customer_391,Nashik,West
CUST0392,Customer_392,Nashik,West
CUST0393,Customer_393,Guwahati,East
CUST0394,Customer_394,Guwahati,East
CUST0395,Customer_395,Nashik,West
CUST0396,Customer_396,Nagpur,West
CUST0397,Customer_397,Kochi,South
CUST0398,Customer_398,Chennai,South
CUST0399,Customer_399,Kochi,South
CUST0400,Customer_400,Pune,West
CUST0401,Customer_401,Kochi,South
CUST0402,Customer_402,Nagpur,West
CUST0403,Customer_403,Lucknow,North
CUST0404,Customer_404,Pune,West
CUST0405,Customer_405,Kochi,South
CUST0406,Customer_406,Nagpur,West
CUST0407,Customer_407,Chennai,South
CUST0408,Customer_408,Kochi,South
CUST0409,Customer_409,Nagpur,West
CUST0410,Customer_410,Bhubaneswar,East
CUST0411,Customer_411,Nashik,West
CUST0412,Customer_412,Guwahati,East
CUST0413,Customer_413,Bhubaneswar,East
CUST0414,Customer_414,Delhi,North
CUST0415,Customer_415,Nashik,West
CUST0416,Customer_416,Delhi,North
CUST0417,Customer_417,Kolkata,East
CUST0418,Customer_418,Mumbai,West
CUST0419,Customer_419,Guwahati,East
CUST0420,Customer_420,Bhubaneswar,East
CUST0421,Customer_421,Mumbai,West
CUST0422,Customer_422,Mumbai,West
CUST0423,Customer_423,Chennai,South
CUST0424,Customer_424,Nashik,West
CUST0425,Customer_425,Guwahati,East
CUST0426,Customer_426,Kolkata,East
CUST0427,Customer_427,Delhi,North
CUST0428,Customer_428,Nagpur,West
CUST0429,Customer_429,Pune,West
CUST0430,Customer_430,Nagpur,West
CUST0431,Customer_431,Pune,West
CUST0432,Customer_432,Bhubaneswar,East
CUST0433,Customer_433,Bengaluru,South
CUST0434,Customer_434,Guwahati,East
CUST0435,Customer_435,Nagpur,West
CUST0436,Customer_436,Kochi,South
CUST0437,Customer_437,Guwahati,East
CUST0438,Customer_438,Kochi,South
CUST0439,Customer_439,Hyderabad,South
CUST0440,Customer_440,Nashik,West
CUST0441,Customer_441,Pune,West
CUST0442,Customer_442,Guwahati,East
CUST0443,Customer_443,Pune,West
CUST0444,Customer_444,Guwahati,East
CUST0445,Customer_445,Chandigarh,North
CUST0446,Customer_446,Lucknow,North
CUST0447,Customer_447,Nashik,West
CUST0448,Customer_448,Chennai,South
CUST0449,Customer_449,Hyderabad,South
CUST0450,Customer_450,Chennai,South
CUST0451,Customer_451,Bhubaneswar,East
CUST0452,Customer_452,Bhubaneswar,East
CUST0453,Customer_453,Chennai,South
CUST0454,Customer_454,Chennai,South
CUST0455,Customer_455,Kolkata,East
CUST0456,Customer_456,Nashik,West
CUST0457,Customer_457,Chennai,South
CUST0458,Customer_458,Kochi,South
CUST0459,Customer_459,Lucknow,North
CUST0460,Customer_460,Lucknow,North
CUST0461,Customer_461,Mumbai,West
CUST0462,Customer_462,Bengaluru,South
CUST0463,Customer_463,Bhubaneswar,East
CUST0464,Customer_464,Pune,West
CUST0465,Customer_465,Chandigarh,North
CUST0466,Customer_466,Patna,East
CUST0467,Customer_467,Guwahati,East
CUST0468,Customer_468,Pune,West
CUST0469,Customer_469,Bengaluru,South
CUST0470,Customer_470,Chandigarh,North
CUST0471,Customer_471,Kolkata,East
CUST0472,Customer_472,Guwahati,East
CUST0473,Customer_473,Nashik,West
CUST0474,Customer_474,Nagpur,West
CUST0475,Customer_475,Nashik,West
CUST0476,Customer_476,Guwahati,East
CUST0477,Customer_477,Pune,West
CUST0478,Customer_478,Guwahati,East
CUST0479,Customer_479,Pune,West
CUST0480,Customer_480,Chandigarh,North
CUST0481,Customer_481,Chandigarh,North
CUST0482,Customer_482,Bhubaneswar,East
CUST0483,Customer_483,Kolkata,East
CUST0484,Customer_484,Bhubaneswar,East
CUST0485,Customer_485,Bengaluru,South
CUST0486,Customer_486,Chennai,South
CUST0487,Customer_487,Nashik,West
CUST0488,Customer_488,Chandigarh,North
CUST0489,Customer_489,Delhi,North
CUST0490,Customer_490,Bengaluru,South
CUST0491,Customer_491,Kochi,South
CUST0492,Customer_492,Kolkata,East
CUST0493,Customer_493,Pune,West
CUST0494,Customer_494,Bhubaneswar,East
CUST0495,Customer_495,Bengaluru,South
CUST0496,Customer_496,Patna,East
CUST0497,Customer_497,Nashik,West
CUST0498,Customer_498,Chandigarh,North
CUST0499,Customer_499,Pune,West
CUST0500,Customer_500,Nagpur,West
CUST0501,Customer_501,Patna,East
CUST0502,Customer_502,Kolkata,East
CUST0503,Customer_503,Bengaluru,South
CUST0504,Customer_504,Guwahati,East
CUST0505,Customer_505,Hyderabad,South
CUST0506,Customer_506,Pune,West
CUST0507,Customer_507,Guwahati,East
CUST0508,Customer_508,Nashik,West
CUST0509,Customer_509,Guwahati,East
CUST0510,Customer_510,Mumbai,West
CUST0511,Customer_511,Delhi,North
CUST0512,Customer_512,Jaipur,North
CUST0513,Customer_513,Patna,East
CUST0514,Customer_514,Chennai,South
CUST0515,Customer_515,Jaipur,North
CUST0516,Customer_516,Nashik,West
CUST0517,Customer_517,Kochi,South
CUST0518,Customer_518,Bhubaneswar,East
CUST0519,Customer_519,Kochi,South
CUST0520,Customer_520,Mumbai,West
CUST0521,Customer_521,Guwahati,East
CUST0522,Customer_522,Patna,East
CUST0523,Customer_523,Chennai,South
CUST0524,Customer_524,Hyderabad,South
CUST0525,Customer_525,Mumbai,West
CUST0526,Customer_526,Patna,East
CUST0527,Customer_527,Lucknow,North
CUST0528,Customer_528,Jaipur,North
CUST0529,Customer_529,Mumbai,West
CUST0530,Customer_530,Jaipur,North
CUST0531,Customer_531,Pune,West
CUST0532,Customer_532,Kochi,South
CUST0533,Customer_533,Pune,West
CUST0534,Customer_534,Delhi,North
CUST0535,Customer_535,Lucknow,North
CUST0536,Customer_536,Chennai,South
CUST0537,Customer_537,Guwahati,East
CUST0538,Customer_538,Hyderabad,South
CUST0539,Customer_539,Kolkata,East
CUST0540,Customer_540,Jaipur,North
CUST0541,Customer_541,Hyderabad,South
CUST0542,Customer_542,Jaipur,North
CUST0543,Customer_543,Nashik,West
CUST0544,Customer_544,Mumbai,West
CUST0545,Customer_545,Delhi,North
CUST0546,Customer_546,Kochi,South
CUST0547,Customer_547,Kolkata,East
CUST0548,Customer_548,Chandigarh,North
CUST0549,Customer_549,Jaipur,North
CUST0550,Customer_550,Hyderabad,South
CUST0551,Customer_551,Delhi,North
CUST0552,Customer_552,Nagpur,West
CUST0553,Customer_553,Kolkata,East
CUST0554,Customer_554,Nagpur,West
CUST0555,Customer_555,Pune,West
CUST0556,Customer_556,Kochi,South
CUST0557,Customer_557,Guwahati,East
CUST0558,Customer_558,Bhubaneswar,East
CUST0559,Customer_559,Guwahati,East
CUST0560,Customer_560,Bhubaneswar,East
CUST0561,Customer_561,Chandigarh,North
CUST0562,Customer_562,Nashik,West
CUST0563,Customer_563,Hyderabad,South
CUST0564,Customer_564,Patna,East
CUST0565,Customer_565,Chandigarh,North
CUST0566,Customer_566,Mumbai,West
CUST0567,Customer_567,Mumbai,West
CUST0568,Customer_568,Guwahati,East
CUST0569,Customer_569,Hyderabad,South
CUST0570,Customer_570,Patna,East
CUST0571,Customer_571,Chennai,South
CUST0572,Customer_572,Nashik,West
CUST0573,Customer_573,Delhi,North
CUST0574,Customer_574,Jaipur,North
CUST0575,Customer_575,Patna,East
CUST0576,Customer_576,Bhubaneswar,East
CUST0577,Customer_577,Kolkata,East
CUST0578,Customer_578,Chennai,South
CUST0579,Customer_579,Jaipur,North
CUST0580,Customer_580,Jaipur,North
CUST0581,Customer_581,Chennai,South
CUST0582,Customer_582,Pune,West
CUST0583,Customer_583,Nagpur,West
CUST0584,Customer_584,Jaipur,North
CUST0585,Customer_585,Chennai,South
CUST0586,Customer_586,Patna,East
CUST0587,Customer_587,Chennai,South
CUST0588,Customer_588,Lucknow,North
CUST0589,Customer_589,Chandigarh,North
CUST0590,Customer_590,Bengaluru,South
CUST0591,Customer_591,Pune,West
CUST0592,Customer_592,Kochi,South
CUST0593,Customer_593,Bengaluru,South
CUST0594,Customer_594,Chandigarh,North
CUST0595,Customer_595,Chandigarh,North
CUST0596,Customer_596,Chandigarh,North
CUST0597,Customer_597,Bengaluru,South
CUST0598,Customer_598,Hyderabad,South
CUST0599,Customer_599,Nagpur,West
CUST0600,Customer_600,Chennai,South
CUST0601,Customer_601,Kolkata,East
CUST0602,Customer_602,Guwahati,East
CUST0603,Customer_603,Nagpur,West
CUST0604,Customer_604,Bhubaneswar,East
CUST0605,Customer_605,Patna,East
CUST0606,Customer_606,Nashik,West
CUST0607,Customer_607,Hyderabad,South
CUST0608,Customer_608,Kochi,South
CUST0609,Customer_609,Nagpur,West
CUST0610,Customer_610,Guwahati,East
CUST0611,Customer_611,Kolkata,East
CUST0612,Customer_612,Mumbai,West
CUST0613,Customer_613,Chandigarh,North
CUST0614,Customer_614,Jaipur,North
CUST0615,Customer_615,Bhubaneswar,East
CUST0616,Customer_616,Nashik,West
CUST0617,Customer_617,Pune,West
CUST0618,Customer_618,Kochi,South
CUST0619,Customer_619,Patna,East
CUST0620,Customer_620,Nashik,West
CUST0621,Customer_621,Chandigarh,North
CUST0622,Customer_622,Jaipur,North
CUST0623,Customer_623,Hyderabad,South
CUST0624,Customer_624,Jaipur,North
CUST0625,Customer_625,Bengaluru,South
CUST0626,Customer_626,Jaipur,North
CUST0627,Customer_627,Bengaluru,South
CUST0628,Customer_628,Bhubaneswar,East
CUST0629,Customer_629,Hyderabad,South
CUST0630,Customer_630,Patna,East
CUST0631,Customer_631,Delhi,North
CUST0632,Customer_632,Chandigarh,North
CUST0633,Customer_633,Bengaluru,South
CUST0634,Customer_634,Pune,West
CUST0635,Customer_635,Jaipur,North
CUST0636,Customer_636,Jaipur,North
CUST0637,Customer_637,Pune,West
CUST0638,Customer_638,Patna,East
CUST0639,Customer_639,Mumbai,West
CUST0640,Customer_640,Guwahati,East
CUST0641,Customer_641,Bhubaneswar,East
CUST0642,Customer_642,Chennai,South
CUST0643,Customer_643,Guwahati,East
CUST0644,Customer_644,Delhi,North
CUST0645,Customer_645,Kochi,South
CUST0646,Customer_646,Kolkata,East
CUST0647,Customer_647,Bengaluru,South
CUST0648,Customer_648,Pune,West
CUST0649,Customer_649,Guwahati,East
CUST0650,Customer_650,Kolkata,East
CUST0651,Customer_651,Hyderabad,South
CUST0652,Customer_652,Guwahati,East
CUST0653,Customer_653,Patna,East
CUST0654,Customer_654,Bengaluru,South
CUST0655,Customer_655,Chennai,South
CUST0656,Customer_656,Kolkata,East
CUST0657,Customer_657,Hyderabad,South
CUST0658,Customer_658,Nashik,West
CUST0659,Customer_659,Chandigarh,North
CUST0660,Customer_660,Jaipur,North
CUST0661,Customer_661,Guwahati,East
CUST0662,Customer_662,Nashik,West
CUST0663,Customer_663,Bengaluru,South
CUST0664,Customer_664,Chennai,South
CUST0665,Customer_665,Delhi,North
CUST0666,Customer_666,Kolkata,East
CUST0667,Customer_667,Bhubaneswar,East
CUST0668,Customer_668,Chandigarh,North
CUST0669,Customer_669,Bengaluru,South
CUST0670,Customer_670,Patna,East
CUST0671,Customer_671,Pune,West
CUST0672,Customer_672,Bhubaneswar,East
CUST0673,Customer_673,Bhubaneswar,East
CUST0674,Customer_674,Bhubaneswar,East
CUST0675,Customer_675,Nagpur,West
CUST0676,Customer_676,Bengaluru,South
CUST0677,Customer_677,Chandigarh,North
CUST0678,Customer_678,Guwahati,East
CUST0679,Customer_679,Jaipur,North
CUST0680,Customer_680,Jaipur,North
CUST0681,Customer_681,Guwahati,East
CUST0682,Customer_682,Bengaluru,South
CUST0683,Customer_683,Hyderabad,South
CUST0684,Customer_684,Nagpur,West
CUST0685,Customer_685,Pune,West
CUST0686,Customer_686,Bhubaneswar,East
CUST0687,Customer_687,Bhubaneswar,East
CUST0688,Customer_688,Bengaluru,South
CUST0689,Customer_689,Hyderabad,South
CUST0690,Customer_690,Jaipur,North
CUST0691,Customer_691,Jaipur,North
CUST0692,Customer_692,Chennai,South
CUST0693,Customer_693,Bengaluru,South
CUST0694,Customer_694,Nagpur,West
CUST0695,Customer_695,Mumbai,West
CUST0696,Customer_696,Nagpur,West
CUST0697,Customer_697,Patna,East
CUST0698,Customer_698,Jaipur,North
CUST0699,Customer_699,Jaipur,North
CUST0700,Customer_700,Nashik,West
CUST0701,Customer_701,Jaipur,North
CUST0702,Customer_702,Guwahati,East
CUST0703,Customer_703,Pune,West
CUST0704,Customer_704,Kochi,South
CUST0705,Customer_705,Bengaluru,South
CUST0706,Customer_706,Kolkata,East
CUST0707,Customer_707,Nagpur,West
CUST0708,Customer_708,Guwahati,East
CUST0709,Customer_709,Kochi,South
CUST0710,Customer_710,Guwahati,East
CUST0711,Customer_711,Hyderabad,South
CUST0712,Customer_712,Mumbai,West
CUST0713,Customer_713,Pune,West
CUST0714,Customer_714,Chandigarh,North
CUST0715,Customer_715,Guwahati,East
CUST0716,Customer_716,Guwahati,East
CUST0717,Customer_717,Lucknow,North
CUST0718,Customer_718,Nagpur,West
CUST0719,Customer_719,Kochi,South
CUST0720,Customer_720,Chandigarh,North
CUST0721,Customer_721,Mumbai,West
CUST0722,Customer_722,Nashik,West
CUST0723,Customer_723,Chandigarh,North
CUST0724,Customer_724,Pune,West
CUST0725,Customer_725,Pune,West
CUST0726,Customer_726,Kolkata,East
CUST0727,Customer_727,Nashik,West
CUST0728,Customer_728,Lucknow,North
CUST0729,Customer_729,Bengaluru,South
CUST0730,Customer_730,Chandigarh,North
CUST0731,Customer_731,Nashik,West
CUST0732,Customer_732,Pune,West
CUST0733,Customer_733,Pune,West
CUST0734,Customer_734,Kochi,South
CUST0735,Customer_735,Jaipur,North
CUST0736,Customer_736,Lucknow,North
CUST0737,Customer_737,Chandigarh,North
CUST0738,Customer_738,Kolkata,East
CUST0739,Customer_739,Kolkata,East
CUST0740,Customer_740,Chandigarh,North
CUST0741,Customer_741,Patna,East
CUST0742,Customer_742,Bhubaneswar,East
CUST0743,Customer_743,Mumbai,West
CUST0744,Customer_744,Kolkata,East
CUST0745,Customer_745,Nashik,West
CUST0746,Customer_746,Mumbai,West
CUST0747,Customer_747,Nashik,West
CUST0748,Customer_748,Hyderabad,South
CUST0749,Customer_749,Pune,West
CUST0750,Customer_750,Jaipur,North
CUST0751,Customer_751,Kochi,South
CUST0752,Customer_752,Kolkata,East
CUST0753,Customer_753,Jaipur,North
CUST0754,Customer_754,Jaipur,North
CUST0755,Customer_755,Jaipur,North
CUST0756,Customer_756,Bhubaneswar,East
CUST0757,Customer_757,Mumbai,West
CUST0758,Customer_758,Nashik,West
CUST0759,Customer_759,Delhi,North
CUST0760,Customer_760,Hyderabad,South
CUST0761,Customer_761,Nagpur,West
CUST0762,Customer_762,Jaipur,North
CUST0763,Customer_763,Bengaluru,South
CUST0764,Customer_764,Mumbai,West
CUST0765,Customer_765,Kolkata,East
CUST0766,Customer_766,Lucknow,North
CUST0767,Customer_767,Kolkata,East
CUST0768,Customer_768,Kochi,South
CUST0769,Customer_769,Nagpur,West
CUST0770,Customer_770,Delhi,North
CUST0771,Customer_771,Bengaluru,South
CUST0772,Customer_772,Kolkata,East
CUST0773,Customer_773,Delhi,North
CUST0774,Customer_774,Nagpur,West
CUST0775,Customer_775,Jaipur,North
CUST0776,Customer_776,Bengaluru,South
CUST0777,Customer_777,Delhi,North
CUST0778,Customer_778,Kochi,South
CUST0779,Customer_779,Guwahati,East
CUST0780,Customer_780,Nashik,West
CUST0781,Customer_781,Pune,West
CUST0782,Customer_782,Nashik,West
CUST0783,Customer_783,Guwahati,East
CUST0784,Customer_784,Nagpur,West
CUST0785,Customer_785,Mumbai,West
CUST0786,Customer_786,Pune,West
CUST0787,Customer_787,Hyderabad,South
CUST0788,Customer_788,Guwahati,East
CUST0789,Customer_789,Kochi,South
CUST0790,Customer_790,Hyderabad,South
CUST0791,Customer_791,Bhubaneswar,East
CUST0792,Customer_792,Guwahati,East
CUST0793,Customer_793,Bengaluru,South
CUST0794,Customer_794,Chandigarh,North
CUST0795,Customer_795,Pune,West
CUST0796,Customer_796,Hyderabad,South
CUST0797,Customer_797,Kolkata,East
CUST0798,Customer_798,Hyderabad,South
CUST0799,Customer_799,Delhi,North
CUST0800,Customer_800,Nashik,West
CUST0801,Customer_801,Delhi,North
CUST0802,Customer_802,Bhubaneswar,East
CUST0803,Customer_803,Pune,West
CUST0804,Customer_804,Pune,West
CUST0805,Customer_805,Bhubaneswar,East
CUST0806,Customer_806,Nagpur,West
CUST0807,Customer_807,Guwahati,East
CUST0808,Customer_808,Delhi,North
CUST0809,Customer_809,Chennai,South
CUST0810,Customer_810,Kolkata,East
CUST0811,Customer_811,Lucknow,North
CUST0812,Customer_812,Nashik,West
CUST0813,Customer_813,Pune,West
CUST0814,Customer_814,Nagpur,West
CUST0815,Customer_815,Chandigarh,North
CUST0816,Customer_816,Kolkata,East
CUST0817,Customer_817,Delhi,North
CUST0818,Customer_818,Nashik,West
CUST0819,Customer_819,Chandigarh,North
CUST0820,Customer_820,Delhi,North
CUST0821,Customer_821,Hyderabad,South
CUST0822,Customer_822,Chandigarh,North
CUST0823,Customer_823,Bhubaneswar,East
CUST0824,Customer_824,Patna,East
CUST0825,Customer_825,Guwahati,East
CUST0826,Customer_826,Nagpur,West
CUST0827,Customer_827,Nashik,West
CUST0828,Customer_828,Jaipur,North
CUST0829,Customer_829,Patna,East
CUST0830,Customer_830,Guwahati,East
CUST0831,Customer_831,Bengaluru,South
CUST0832,Customer_832,Bengaluru,South
CUST0833,Customer_833,Nashik,West
CUST0834,Customer_834,Chandigarh,North
CUST0835,Customer_835,Delhi,North
CUST0836,Customer_836,Nagpur,West
CUST0837,Customer_837,Lucknow,North
CUST0838,Customer_838,Bengaluru,South
CUST0839,Customer_839,Nagpur,West
CUST0840,Customer_840,Bengaluru,South
CUST0841,Customer_841,Hyderabad,South
CUST0842,Customer_842,Guwahati,East
CUST0843,Customer_843,Delhi,North
CUST0844,Customer_844,Hyderabad,South
CUST0845,Customer_845,Kolkata,East
CUST0846,Customer_846,Bengaluru,South
CUST0847,Customer_847,Jaipur,North
CUST0848,Customer_848,Jaipur,North
CUST0849,Customer_849,Hyderabad,South
CUST0850,Customer_850,Bhubaneswar,East
CUST0851,Customer_851,Patna,East
CUST0852,Customer_852,Jaipur,North
CUST0853,Customer_853,Bengaluru,South
CUST0854,Customer_854,Nashik,West
CUST0855,Customer_855,Hyderabad,South
CUST0856,Customer_856,Kolkata,East
CUST0857,Customer_857,Lucknow,North
CUST0858,Customer_858,Lucknow,North
CUST0859,Customer_859,Mumbai,West
CUST0860,Customer_860,Patna,East
CUST0861,Customer_861,Chandigarh,North
CUST0862,Customer_862,Delhi,North
CUST0863,Customer_863,Jaipur,North
CUST0864,Customer_864,Jaipur,North
CUST0865,Customer_865,Chandigarh,North
CUST0866,Customer_866,Pune,West
CUST0867,Customer_867,Kolkata,East
CUST0868,Customer_868,Chennai,South
CUST0869,Customer_869,Hyderabad,South
CUST0870,Customer_870,Bhubaneswar,East
CUST0871,Customer_871,Kolkata,East
CUST0872,Customer_872,Kochi,South
CUST0873,Customer_873,Jaipur,North
CUST0874,Customer_874,Delhi,North
CUST0875,Customer_875,Mumbai,West
CUST0876,Customer_876,Lucknow,North
CUST0877,Customer_877,Jaipur,North
CUST0878,Customer_878,Mumbai,West
CUST0879,Customer_879,Bengaluru,South
CUST0880,Customer_880,Kolkata,East
CUST0881,Customer_881,Bengaluru,South
CUST0882,Customer_882,Chennai,South
CUST0883,Customer_883,Nashik,West
CUST0884,Customer_884,Kochi,South
CUST0885,Customer_885,Guwahati,East
CUST0886,Customer_886,Kolkata,East
CUST0887,Customer_887,Pune,West
CUST0888,Customer_888,Chennai,South
CUST0889,Customer_889,Nagpur,West
CUST0890,Customer_890,Pune,West
CUST0891,Customer_891,Patna,East
CUST0892,Customer_892,Hyderabad,South
CUST0893,Customer_893,Delhi,North
CUST0894,Customer_894,Kolkata,East
CUST0895,Customer_895,Nagpur,West
CUST0896,Customer_896,Nagpur,West
CUST0897,Customer_897,Chennai,South
CUST0898,Customer_898,Chandigarh,North
CUST0899,Customer_899,Patna,East
CUST0900,Customer_900,Nashik,West
CUST0901,Customer_901,Kolkata,East
CUST0902,Customer_902,Chandigarh,North
CUST0903,Customer_903,Chennai,South
CUST0904,Customer_904,Hyderabad,South
CUST0905,Customer_905,Lucknow,North
CUST0906,Customer_906,Jaipur,North
CUST0907,Customer_907,Jaipur,North
CUST0908,Customer_908,Nashik,West
CUST0909,Customer_909,Hyderabad,South
CUST0910,Customer_910,Bhubaneswar,East
CUST0911,Customer_911,Nashik,West
CUST0912,Customer_912,Kolkata,East
CUST0913,Customer_913,Kolkata,East
CUST0914,Customer_914,Mumbai,West
CUST0915,Customer_915,Chandigarh,North
CUST0916,Customer_916,Bhubaneswar,East
CUST0917,Customer_917,Jaipur,North
CUST0918,Customer_918,Nagpur,West
CUST0919,Customer_919,Chandigarh,North
CUST0920,Customer_920,Kochi,South
CUST0921,Customer_921,Kolkata,East
CUST0922,Customer_922,Patna,East
CUST0923,Customer_923,Delhi,North
CUST0924,Customer_924,Hyderabad,South
CUST0925,Customer_925,Pune,West
CUST0926,Customer_926,Nashik,West
CUST0927,Customer_927,Kolkata,East
CUST0928,Customer_928,Chandigarh,North
CUST0929,Customer_929,Bhubaneswar,East
CUST0930,Customer_930,Delhi,North
CUST0931,Customer_931,Patna,East
CUST0932,Customer_932,Chandigarh,North
CUST0933,Customer_933,Pune,West
CUST0934,Customer_934,Delhi,North
CUST0935,Customer_935,Kochi,South
CUST0936,Customer_936,Pune,West
CUST0937,Customer_937,Chennai,South
CUST0938,Customer_938,Bengaluru,South
CUST0939,Customer_939,Chennai,South
CUST0940,Customer_940,Jaipur,North
CUST0941,Customer_941,Chandigarh,North
CUST0942,Customer_942,Kolkata,East
CUST0943,Customer_943,Guwahati,East
CUST0944,Customer_944,Kolkata,East
CUST0945,Customer_945,Kolkata,East
CUST0946,Customer_946,Patna,East
CUST0947,Customer_947,Bengaluru,South
CUST0948,Customer_948,Guwahati,East
CUST0949,Customer_949,Chennai,South
CUST0950,Customer_950,Bengaluru,South
CUST0951,Customer_951,Lucknow,North
CUST0952,Customer_952,Chandigarh,North
CUST0953,Customer_953,Bengaluru,South
CUST0954,Customer_954,Nagpur,West
CUST0955,Customer_955,Nashik,West
CUST0956,Customer_956,Nashik,West
CUST0957,Customer_957,Nagpur,West
CUST0958,Customer_958,Delhi,North
CUST0959,Customer_959,Mumbai,West
CUST0960,Customer_960,Patna,East
CUST0961,Customer_961,Delhi,North
CUST0962,Customer_962,Pune,West
CUST0963,Customer_963,Bhubaneswar,East
CUST0964,Customer_964,Patna,East
CUST0965,Customer_965,Patna,East
CUST0966,Customer_966,Pune,West
CUST0967,Customer_967,Bengaluru,South
CUST0968,Customer_968,Chennai,South
CUST0969,Customer_969,Chennai,South
CUST0970,Customer_970,Nashik,West
CUST0971,Customer_971,Guwahati,East
CUST0972,Customer_972,Hyderabad,South
CUST0973,Customer_973,Delhi,North
CUST0974,Customer_974,Lucknow,North
CUST0975,Customer_975,Chandigarh,North
CUST0976,Customer_976,Jaipur,North
CUST0977,Customer_977,Guwahati,East
CUST0978,Customer_978,Guwahati,East
CUST0979,Customer_979,Kochi,South
CUST0980,Customer_980,Chennai,South
CUST0981,Customer_981,Chandigarh,North
CUST0982,Customer_982,Kochi,South
CUST0983,Customer_983,Chandigarh,North
CUST0984,Customer_984,Bengaluru,South
CUST0985,Customer_985,Kochi,South
CUST0986,Customer_986,Jaipur,North
CUST0987,Customer_987,Chandigarh,North
CUST0988,Customer_988,Nagpur,West
CUST0989,Customer_989,Jaipur,North
CUST0990,Customer_990,Kochi,South
CUST0991,Customer_991,Jaipur,North
CUST0992,Customer_992,Chandigarh,North
CUST0993,Customer_993,Mumbai,West
CUST0994,Customer_994,Chandigarh,North
CUST0995,Customer_995,Chandigarh,North
CUST0996,Customer_996,Bengaluru,South
CUST0997,Customer_997,Delhi,North
CUST0998,Customer_998,Nagpur,West
CUST0999,Customer_999,Guwahati,East
CUST1000,Customer_1000,Lucknow,North
CUST1001,Customer_1001,Chennai,South
CUST1002,Customer_1002,Patna,East
CUST1003,Customer_1003,Pune,West
CUST1004,Customer_1004,Delhi,North
CUST1005,Customer_1005,Pune,West
CUST1006,Customer_1006,Bengaluru,South
CUST1007,Customer_1007,Nagpur,West
CUST1008,Customer_1008,Kolkata,East
CUST1009,Customer_1009,Chandigarh,North
CUST1010,Customer_1010,Guwahati,East
CUST1011,Customer_1011,Kolkata,East
CUST1012,Customer_1012,Kolkata,East
CUST1013,Customer_1013,Bhubaneswar,East
CUST1014,Customer_1014,Nashik,West
CUST1015,Customer_1015,Kolkata,East
CUST1016,Customer_1016,Chennai,South
CUST1017,Customer_1017,Mumbai,West
CUST1018,Customer_1018,Nashik,West
CUST1019,Customer_1019,Guwahati,East
CUST1020,Customer_1020,Bengaluru,South
CUST1021,Customer_1021,Patna,East
CUST1022,Customer_1022,Delhi,North
CUST1023,Customer_1023,Mumbai,West
CUST1024,Customer_1024,Jaipur,North
CUST1025,Customer_1025,Kochi,South
CUST1026,Customer_1026,Bhubaneswar,East
CUST1027,Customer_1027,Mumbai,West
CUST1028,Customer_1028,Lucknow,North
CUST1029,Customer_1029,Kolkata,East
CUST1030,Customer_1030,Bengaluru,South
CUST1031,Customer_1031,Hyderabad,South
CUST1032,Customer_1032,Kochi,South
CUST1033,Customer_1033,Pune,West
CUST1034,Customer_1034,Chennai,South
CUST1035,Customer_1035,Pune,West
CUST1036,Customer_1036,Mumbai,West
CUST1037,Customer_1037,Guwahati,East
CUST1038,Customer_1038,Patna,East
CUST1039,Customer_1039,Pune,West
CUST1040,Customer_1040,Lucknow,North
CUST1041,Customer_1041,Bengaluru,South
CUST1042,Customer_1042,Jaipur,North
CUST1043,Customer_1043,Patna,East
CUST1044,Customer_1044,Delhi,North
CUST1045,Customer_1045,Chennai,South
CUST1046,Customer_1046,Lucknow,North
CUST1047,Customer_1047,Lucknow,North
CUST1048,Customer_1048,Pune,West
CUST1049,Customer_1049,Kolkata,East
CUST1050,Customer_1050,Pune,West
CUST1051,Customer_1051,Mumbai,West
CUST1052,Customer_1052,Delhi,North
CUST1053,Customer_1053,Nashik,West
CUST1054,Customer_1054,Patna,East
CUST1055,Customer_1055,Pune,West
CUST1056,Customer_1056,Bengaluru,South
CUST1057,Customer_1057,Guwahati,East
CUST1058,Customer_1058,Hyderabad,South
CUST1059,Customer_1059,Chennai,South
CUST1060,Customer_1060,Chandigarh,North
CUST1061,Customer_1061,Pune,West
CUST1062,Customer_1062,Bengaluru,South
CUST1063,Customer_1063,Patna,East
CUST1064,Customer_1064,Bengaluru,South
CUST1065,Customer_1065,Chennai,South
CUST1066,Customer_1066,Nashik,West
CUST1067,Customer_1067,Bengaluru,South
CUST1068,Customer_1068,Hyderabad,South
CUST1069,Customer_1069,Bengaluru,South
CUST1070,Customer_1070,Bengaluru,South
CUST1071,Customer_1071,Bengaluru,South
CUST1072,Customer_1072,Jaipur,North
CUST1073,Customer_1073,Jaipur,North
CUST1074,Customer_1074,Nashik,West
CUST1075,Customer_1075,Pune,West
CUST1076,Customer_1076,Bengaluru,South
CUST1077,Customer_1077,Bhubaneswar,East
CUST1078,Customer_1078,Delhi,North
CUST1079,Customer_1079,Bhubaneswar,East
CUST1080,Customer_1080,Pune,West
CUST1081,Customer_1081,Nashik,West
CUST1082,Customer_1082,Kolkata,East
CUST1083,Customer_1083,Kolkata,East
CUST1084,Customer_1084,Nagpur,West
CUST1085,Customer_1085,Bhubaneswar,East
CUST1086,Customer_1086,Pune,West
CUST1087,Customer_1087,Pune,West
CUST1088,Customer_1088,Kochi,South
CUST1089,Customer_1089,Guwahati,East
CUST1090,Customer_1090,Mumbai,West
CUST1091,Customer_1091,Chandigarh,North
CUST1092,Customer_1092,Patna,East
CUST1093,Customer_1093,Kochi,South
CUST1094,Customer_1094,Hyderabad,South
CUST1095,Customer_1095,Jaipur,North
CUST1096,Customer_1096,Jaipur,North
CUST1097,Customer_1097,Mumbai,West
CUST1098,Customer_1098,Chennai,South
CUST1099,Customer_1099,Chennai,South
CUST1100,Customer_1100,Nashik,West
CUST1101,Customer_1101,Lucknow,North
CUST1102,Customer_1102,Mumbai,West
CUST1103,Customer_1103,Chandigarh,North
CUST1104,Customer_1104,Pune,West
CUST1105,Customer_1105,Chennai,South
CUST1106,Customer_1106,Chandigarh,North
CUST1107,Customer_1107,Bengaluru,South
CUST1108,Customer_1108,Bhubaneswar,East
CUST1109,Customer_1109,Bhubaneswar,East
CUST1110,Customer_1110,Lucknow,North
CUST1111,Customer_1111,Delhi,North
CUST1112,Customer_1112,Pune,West
CUST1113,Customer_1113,Guwahati,East
CUST1114,Customer_1114,Patna,East
CUST1115,Customer_1115,Patna,East
CUST1116,Customer_1116,Hyderabad,South
CUST1117,Customer_1117,Patna,East
CUST1118,Customer_1118,Bengaluru,South
CUST1119,Customer_1119,Bengaluru,South
CUST1120,Customer_1120,Bhubaneswar,East
CUST1121,Customer_1121,Mumbai,West
CUST1122,Customer_1122,Lucknow,North
CUST1123,Customer_1123,Nashik,West
CUST1124,Customer_1124,Hyderabad,South
CUST1125,Customer_1125,Chennai,South
CUST1126,Customer_1126,Guwahati,East
CUST1127,Customer_1127,Chandigarh,North
CUST1128,Customer_1128,Mumbai,West
CUST1129,Customer_1129,Chennai,South
CUST1130,Customer_1130,Mumbai,West
CUST1131,Customer_1131,Mumbai,West
CUST1132,Customer_1132,Mumbai,West
CUST1133,Customer_1133,Bhubaneswar,East
CUST1134,Customer_1134,Patna,East
CUST1135,Customer_1135,Lucknow,North
CUST1136,Customer_1136,Nashik,West
CUST1137,Customer_1137,Patna,East
CUST1138,Customer_1138,Mumbai,West
CUST1139,Customer_1139,Nagpur,West
CUST1140,Customer_1140,Delhi,North
CUST1141,Customer_1141,Chennai,South
CUST1142,Customer_1142,Pune,West
CUST1143,Customer_1143,Kochi,South
CUST1144,Customer_1144,Patna,East
CUST1145,Customer_1145,Chandigarh,North
CUST1146,Customer_1146,Bhubaneswar,East
CUST1147,Customer_1147,Hyderabad,South
CUST1148,Customer_1148,Jaipur,North
CUST1149,Customer_1149,Nashik,West
CUST1150,Customer_1150,Pune,West
CUST1151,Customer_1151,Bengaluru,South
CUST1152,Customer_1152,Kolkata,East
CUST1153,Customer_1153,Nagpur,West
CUST1154,Customer_1154,Jaipur,North
CUST1155,Customer_1155,Kochi,South
CUST1156,Customer_1156,Pune,West
CUST1157,Customer_1157,Jaipur,North
CUST1158,Customer_1158,Pune,West
CUST1159,Customer_1159,Chandigarh,North
CUST1160,Customer_1160,Nagpur,West
CUST1161,Customer_1161,Kochi,South
CUST1162,Customer_1162,Bengaluru,South
CUST1163,Customer_1163,Mumbai,West
CUST1164,Customer_1164,Chennai,South
CUST1165,Customer_1165,Bengaluru,South
CUST1166,Customer_1166,Mumbai,West
CUST1167,Customer_1167,Kolkata,East
CUST1168,Customer_1168,Bhubaneswar,East
CUST1169,Customer_1169,Lucknow,North
CUST1170,Customer_1170,Lucknow,North
CUST1171,Customer_1171,Guwahati,East
CUST1172,Customer_1172,Lucknow,North
CUST1173,Customer_1173,Nashik,West
CUST1174,Customer_1174,Patna,East
CUST1175,Customer_1175,Delhi,North
CUST1176,Customer_1176,Hyderabad,South
CUST1177,Customer_1177,Hyderabad,South
CUST1178,Customer_1178,Guwahati,East
CUST1179,Customer_1179,Patna,East
CUST1180,Customer_1180,Lucknow,North
CUST1181,Customer_1181,Chennai,South
CUST1182,Customer_1182,Guwahati,East
CUST1183,Customer_1183,Kochi,South
CUST1184,Customer_1184,Nagpur,West
CUST1185,Customer_1185,Kochi,South
CUST1186,Customer_1186,Nagpur,West
CUST1187,Customer_1187,Kochi,South
CUST1188,Customer_1188,Delhi,North
CUST1189,Customer_1189,Nashik,West
CUST1190,Customer_1190,Guwahati,East
CUST1191,Customer_1191,Nashik,West
CUST1192,Customer_1192,Lucknow,North
CUST1193,Customer_1193,Kolkata,East
CUST1194,Customer_1194,Guwahati,East
CUST1195,Customer_1195,Mumbai,West
CUST1196,Customer_1196,Kolkata,East
CUST1197,Customer_1197,Jaipur,North
CUST1198,Customer_1198,Nashik,West
CUST1199,Customer_1199,Nashik,West
CUST1200,Customer_1200,Bengaluru,South
CUST1201,Customer_1201,Bengaluru,South
CUST1202,Customer_1202,Mumbai,West
CUST1203,Customer_1203,Chandigarh,North
CUST1204,Customer_1204,Jaipur,North
CUST1205,Customer_1205,Kolkata,East
CUST1206,Customer_1206,Chennai,South
CUST1207,Customer_1207,Bengaluru,South
CUST1208,Customer_1208,Chennai,South
CUST1209,Customer_1209,Pune,West
CUST1210,Customer_1210,Bengaluru,South
CUST1211,Customer_1211,Delhi,North
CUST1212,Customer_1212,Chandigarh,North
CUST1213,Customer_1213,Jaipur,North
CUST1214,Customer_1214,Bhubaneswar,East
CUST1215,Customer_1215,Mumbai,West
CUST1216,Customer_1216,Pune,West
CUST1217,Customer_1217,Bhubaneswar,East
CUST1218,Customer_1218,Jaipur,North
CUST1219,Customer_1219,Kolkata,East
CUST1220,Customer_1220,Lucknow,North
CUST1221,Customer_1221,Delhi,North
CUST1222,Customer_1222,Jaipur,North
CUST1223,Customer_1223,Delhi,North
CUST1224,Customer_1224,Patna,East
CUST1225,Customer_1225,Delhi,North
CUST1226,Customer_1226,Chennai,South
CUST1227,Customer_1227,Patna,East
CUST1228,Customer_1228,Kochi,South
CUST1229,Customer_1229,Bhubaneswar,East
CUST1230,Customer_1230,Lucknow,North
CUST1231,Customer_1231,Patna,East
CUST1232,Customer_1232,Guwahati,East
CUST1233,Customer_1233,Kolkata,East
CUST1234,Customer_1234,Pune,West
CUST1235,Customer_1235,Jaipur,North
CUST1236,Customer_1236,Nagpur,West
CUST1237,Customer_1237,Pune,West
CUST1238,Customer_1238,Kochi,South
CUST1239,Customer_1239,Pune,West
CUST1240,Customer_1240,Nashik,West
CUST1241,Customer_1241,Kolkata,East
CUST1242,Customer_1242,Nagpur,West
CUST1243,Customer_1243,Patna,East
CUST1244,Customer_1244,Patna,East
CUST1245,Customer_1245,Patna,East
CUST1246,Customer_1246,Kochi,South
CUST1247,Customer_1247,Chennai,South
CUST1248,Customer_1248,Bhubaneswar,East
CUST1249,Customer_1249,Jaipur,North
CUST1250,Customer_1250,Chandigarh,North
CUST1251,Customer_1251,Hyderabad,South
CUST1252,Customer_1252,Bhubaneswar,East
CUST1253,Customer_1253,Kochi,South
CUST1254,Customer_1254,Mumbai,West
CUST1255,Customer_1255,Kolkata,East
CUST1256,Customer_1256,Jaipur,North
CUST1257,Customer_1257,Bhubaneswar,East
CUST1258,Customer_1258,Lucknow,North
CUST1259,Customer_1259,Kochi,South
CUST1260,Customer_1260,Nashik,West
CUST1261,Customer_1261,Hyderabad,South
CUST1262,Customer_1262,Nashik,West
CUST1263,Customer_1263,Patna,East
CUST1264,Customer_1264,Hyderabad,South
CUST1265,Customer_1265,Bhubaneswar,East
CUST1266,Customer_1266,Lucknow,North
CUST1267,Customer_1267,Patna,East
CUST1268,Customer_1268,Chandigarh,North
CUST1269,Customer_1269,Kolkata,East
CUST1270,Customer_1270,Mumbai,West
CUST1271,Customer_1271,Jaipur,North
CUST1272,Customer_1272,Chennai,South
CUST1273,Customer_1273,Nashik,West
CUST1274,Customer_1274,Nashik,West
CUST1275,Customer_1275,Patna,East
CUST1276,Customer_1276,Guwahati,East
CUST1277,Customer_1277,Delhi,North
CUST1278,Customer_1278,Hyderabad,South
CUST1279,Customer_1279,Bengaluru,South
CUST1280,Customer_1280,Chandigarh,North
CUST1281,Customer_1281,Jaipur,North
CUST1282,Customer_1282,Hyderabad,South
CUST1283,Customer_1283,Delhi,North
CUST1284,Customer_1284,Pune,West
CUST1285,Customer_1285,Hyderabad,South
CUST1286,Customer_1286,Chennai,South
CUST1287,Customer_1287,Jaipur,North
CUST1288,Customer_1288,Bhubaneswar,East
CUST1289,Customer_1289,Chandigarh,North
CUST1290,Customer_1290,Delhi,North
CUST1291,Customer_1291,Pune,West
CUST1292,Customer_1292,Kolkata,East
CUST1293,Customer_1293,Nagpur,West
CUST1294,Customer_1294,Delhi,North
CUST1295,Customer_1295,Nagpur,West
CUST1296,Customer_1296,Jaipur,North
CUST1297,Customer_1297,Nashik,West
CUST1298,Customer_1298,Delhi,North
CUST1299,Customer_1299,Kolkata,East
CUST1300,Customer_1300,Mumbai,West
CUST1301,Customer_1301,Patna,East
CUST1302,Customer_1302,Nagpur,West
CUST1303,Customer_1303,Patna,East
CUST1304,Customer_1304,Chennai,South
CUST1305,Customer_1305,Mumbai,West
CUST1306,Customer_1306,Patna,East
CUST1307,Customer_1307,Kochi,South
CUST1308,Customer_1308,Kochi,South
CUST1309,Customer_1309,Pune,West
CUST1310,Customer_1310,Chandigarh,North
CUST1311,Customer_1311,Nashik,West
CUST1312,Customer_1312,Jaipur,North
CUST1313,Customer_1313,Delhi,North
CUST1314,Customer_1314,Bengaluru,South
CUST1315,Customer_1315,Chennai,South
CUST1316,Customer_1316,Nagpur,West
CUST1317,Customer_1317,Jaipur,North
CUST1318,Customer_1318,Guwahati,East
CUST1319,Customer_1319,Mumbai,West
CUST1320,Customer_1320,Lucknow,North
CUST1321,Customer_1321,Kochi,South
CUST1322,Customer_1322,Lucknow,North
CUST1323,Customer_1323,Kolkata,East
CUST1324,Customer_1324,Chennai,South
CUST1325,Customer_1325,Bengaluru,South
CUST1326,Customer_1326,Delhi,North
CUST1327,Customer_1327,Pune,West
CUST1328,Customer_1328,Bengaluru,South
CUST1329,Customer_1329,Chennai,South
CUST1330,Customer_1330,Bengaluru,South
CUST1331,Customer_1331,Chennai,South
CUST1332,Customer_1332,Chennai,South
CUST1333,Customer_1333,Hyderabad,South
CUST1334,Customer_1334,Guwahati,East
CUST1335,Customer_1335,Nagpur,West
CUST1336,Customer_1336,Bhubaneswar,East
CUST1337,Customer_1337,Lucknow,North
CUST1338,Customer_1338,Bhubaneswar,East
CUST1339,Customer_1339,Bhubaneswar,East
CUST1340,Customer_1340,Bhubaneswar,East
CUST1341,Customer_1341,Patna,East
CUST1342,Customer_1342,Kochi,South
CUST1343,Customer_1343,Hyderabad,South
CUST1344,Customer_1344,Delhi,North
CUST1345,Customer_1345,Hyderabad,South
CUST1346,Customer_1346,Nashik,West
CUST1347,Customer_1347,Nashik,West
CUST1348,Customer_1348,Patna,East
CUST1349,Customer_1349,Kochi,South
CUST1350,Customer_1350,Bengaluru,South
CUST1351,Customer_1351,Nagpur,West
CUST1352,Customer_1352,Kochi,South
CUST1353,Customer_1353,Patna,East
CUST1354,Customer_1354,Chennai,South
CUST1355,Customer_1355,Mumbai,West
CUST1356,Customer_1356,Nagpur,West
CUST1357,Customer_1357,Chandigarh,North
CUST1358,Customer_1358,Lucknow,North
CUST1359,Customer_1359,Nagpur,West
CUST1360,Customer_1360,Patna,East
CUST1361,Customer_1361,Chennai,South
CUST1362,Customer_1362,Chennai,South
CUST1363,Customer_1363,Pune,West
CUST1364,Customer_1364,Bhubaneswar,East
CUST1365,Customer_1365,Kochi,South
CUST1366,Customer_1366,Chennai,South
CUST1367,Customer_1367,Nashik,West
CUST1368,Customer_1368,Bhubaneswar,East
CUST1369,Customer_1369,Delhi,North
CUST1370,Customer_1370,Mumbai,West
CUST1371,Customer_1371,Patna,East
CUST1372,Customer_1372,Lucknow,North
CUST1373,Customer_1373,Kochi,South
CUST1374,Customer_1374,Jaipur,North
CUST1375,Customer_1375,Nashik,West
CUST1376,Customer_1376,Kolkata,East
CUST1377,Customer_1377,Chandigarh,North
CUST1378,Customer_1378,Bengaluru,South
CUST1379,Customer_1379,Chennai,South
CUST1380,Customer_1380,Jaipur,North
CUST1381,Customer_1381,Chennai,South
CUST1382,Customer_1382,Nagpur,West
CUST1383,Customer_1383,Nashik,West
CUST1384,Customer_1384,Nagpur,West
CUST1385,Customer_1385,Pune,West
CUST1386,Customer_1386,Nagpur,West
CUST1387,Customer_1387,Pune,West
CUST1388,Customer_1388,Chandigarh,North
CUST1389,Customer_1389,Patna,East
CUST1390,Customer_1390,Pune,West
CUST1391,Customer_1391,Jaipur,North
CUST1392,Customer_1392,Bhubaneswar,East
CUST1393,Customer_1393,Guwahati,East
CUST1394,Customer_1394,Chennai,South
CUST1395,Customer_1395,Bengaluru,South
CUST1396,Customer_1396,Bhubaneswar,East
CUST1397,Customer_1397,Lucknow,North
CUST1398,Customer_1398,Patna,East
CUST1399,Customer_1399,Nagpur,West
CUST1400,Customer_1400,Kolkata,East
CUST1401,Customer_1401,Lucknow,North
CUST1402,Customer_1402,Nashik,West
CUST1403,Customer_1403,Pune,West
CUST1404,Customer_1404,Chennai,South
CUST1405,Customer_1405,Mumbai,West
CUST1406,Customer_1406,Kochi,South
CUST1407,Customer_1407,Jaipur,North
CUST1408,Customer_1408,Bengaluru,South
CUST1409,Customer_1409,Hyderabad,South
CUST1410,Customer_1410,Jaipur,North
CUST1411,Customer_1411,Chandigarh,North
CUST1412,Customer_1412,Mumbai,West
CUST1413,Customer_1413,Kolkata,East
CUST1414,Customer_1414,Kochi,South
CUST1415,Customer_1415,Mumbai,West
CUST1416,Customer_1416,Nagpur,West
CUST1417,Customer_1417,Pune,West
CUST1418,Customer_1418,Patna,East
CUST1419,Customer_1419,Bengaluru,South
CUST1420,Customer_1420,Delhi,North
CUST1421,Customer_1421,Pune,West
CUST1422,Customer_1422,Delhi,North
CUST1423,Customer_1423,Lucknow,North
CUST1424,Customer_1424,Patna,East
CUST1425,Customer_1425,Kochi,South
CUST1426,Customer_1426,Chennai,South
CUST1427,Customer_1427,Hyderabad,South
CUST1428,Customer_1428,Nashik,West
CUST1429,Customer_1429,Bhubaneswar,East
CUST1430,Customer_1430,Patna,East
CUST1431,Customer_1431,Pune,West
CUST1432,Customer_1432,Bengaluru,South
CUST1433,Customer_1433,Bhubaneswar,East
CUST1434,Customer_1434,Chandigarh,North
CUST1435,Customer_1435,Chandigarh,North
CUST1436,Customer_1436,Mumbai,West
CUST1437,Customer_1437,Bhubaneswar,East
CUST1438,Customer_1438,Bengaluru,South
CUST1439,Customer_1439,Kochi,South
CUST1440,Customer_1440,Lucknow,North
CUST1441,Customer_1441,Delhi,North
CUST1442,Customer_1442,Mumbai,West
CUST1443,Customer_1443,Chandigarh,North
CUST1444,Customer_1444,Nashik,West
CUST1445,Customer_1445,Nashik,West
CUST1446,Customer_1446,Pune,West
CUST1447,Customer_1447,Kochi,South
CUST1448,Customer_1448,Guwahati,East
CUST1449,Customer_1449,Chennai,South
CUST1450,Customer_1450,Chandigarh,North
CUST1451,Customer_1451,Guwahati,East
CUST1452,Customer_1452,Kolkata,East
CUST1453,Customer_1453,Kochi,South
CUST1454,Customer_1454,Lucknow,North
CUST1455,Customer_1455,Delhi,North
CUST1456,Customer_1456,Bengaluru,South
CUST1457,Customer_1457,Bhubaneswar,East
CUST1458,Customer_1458,Chandigarh,North
CUST1459,Customer_1459,Bhubaneswar,East
CUST1460,Customer_1460,Nashik,West
CUST1461,Customer_1461,Bengaluru,South
CUST1462,Customer_1462,Bengaluru,South
CUST1463,Customer_1463,Bengaluru,South
CUST1464,Customer_1464,Nashik,West
CUST1465,Customer_1465,Lucknow,North
CUST1466,Customer_1466,Bhubaneswar,East
CUST1467,Customer_1467,Jaipur,North
CUST1468,Customer_1468,Bhubaneswar,East
CUST1469,Customer_1469,Nagpur,West
CUST1470,Customer_1470,Delhi,North
CUST1471,Customer_1471,Kolkata,East
CUST1472,Customer_1472,Jaipur,North
CUST1473,Customer_1473,Delhi,North
CUST1474,Customer_1474,Mumbai,West
CUST1475,Customer_1475,Kochi,South
CUST1476,Customer_1476,Kochi,South
CUST1477,Customer_1477,Hyderabad,South
CUST1478,Customer_1478,Kochi,South
CUST1479,Customer_1479,Bhubaneswar,East
CUST1480,Customer_1480,Guwahati,East
CUST1481,Customer_1481,Nashik,West
CUST1482,Customer_1482,Kolkata,East
CUST1483,Customer_1483,Chennai,South
CUST1484,Customer_1484,Pune,West
CUST1485,Customer_1485,Hyderabad,South
CUST1486,Customer_1486,Patna,East
CUST1487,Customer_1487,Patna,East
CUST1488,Customer_1488,Pune,West
CUST1489,Customer_1489,Delhi,North
CUST1490,Customer_1490,Pune,West
CUST1491,Customer_1491,Pune,West
CUST1492,Customer_1492,Patna,East
CUST1493,Customer_1493,Hyderabad,South
CUST1494,Customer_1494,Mumbai,West
CUST1495,Customer_1495,Bhubaneswar,East
CUST1496,Customer_1496,Bengaluru,South
CUST1497,Customer_1497,Kochi,South
CUST1498,Customer_1498,Kochi,South
CUST1499,Customer_1499,Nashik,West
CUST1500,Customer_1500,Hyderabad,South
CUST1501,Customer_1501,Nashik,West
CUST1502,Customer_1502,Chennai,South
CUST1503,Customer_1503,Chennai,South
CUST1504,Customer_1504,Nashik,West
CUST1505,Customer_1505,Hyderabad,South
CUST1506,Customer_1506,Nashik,West
CUST1507,Customer_1507,Kochi,South
CUST1508,Customer_1508,Jaipur,North
CUST1509,Customer_1509,Guwahati,East
CUST1510,Customer_1510,Nagpur,West
CUST1511,Customer_1511,Patna,East
CUST1512,Customer_1512,Patna,East
CUST1513,Customer_1513,Kolkata,East
CUST1514,Customer_1514,Pune,West
CUST1515,Customer_1515,Nagpur,West
CUST1516,Customer_1516,Bhubaneswar,East
CUST1517,Customer_1517,Hyderabad,South
CUST1518,Customer_1518,Lucknow,North
CUST1519,Customer_1519,Nagpur,West
CUST1520,Customer_1520,Kolkata,East
CUST1521,Customer_1521,Chennai,South
CUST1522,Customer_1522,Delhi,North
CUST1523,Customer_1523,Pune,West
CUST1524,Customer_1524,Kolkata,East
CUST1525,Customer_1525,Bengaluru,South
CUST1526,Customer_1526,Lucknow,North
CUST1527,Customer_1527,Hyderabad,South
CUST1528,Customer_1528,Pune,West
CUST1529,Customer_1529,Bhubaneswar,East
CUST1530,Customer_1530,Nagpur,West
CUST1531,Customer_1531,Chennai,South
CUST1532,Customer_1532,Mumbai,West
CUST1533,Customer_1533,Jaipur,North
CUST1534,Customer_1534,Bengaluru,South
CUST1535,Customer_1535,Lucknow,North
CUST1536,Customer_1536,Jaipur,North
CUST1537,Customer_1537,Pune,West
CUST1538,Customer_1538,Chennai,South
CUST1539,Customer_1539,Chennai,South
CUST1540,Customer_1540,Kolkata,East
CUST1541,Customer_1541,Patna,East
CUST1542,Customer_1542,Patna,East
CUST1543,Customer_1543,Nagpur,West
CUST1544,Customer_1544,Kolkata,East
CUST1545,Customer_1545,Kochi,South
CUST1546,Customer_1546,Nagpur,West
CUST1547,Customer_1547,Kochi,South
CUST1548,Customer_1548,Patna,East
CUST1549,Customer_1549,Kolkata,East
CUST1550,Customer_1550,Kochi,South
CUST1551,Customer_1551,Bengaluru,South
CUST1552,Customer_1552,Kolkata,East
CUST1553,Customer_1553,Patna,East
CUST1554,Customer_1554,Nagpur,West
CUST1555,Customer_1555,Chandigarh,North
CUST1556,Customer_1556,Kolkata,East
CUST1557,Customer_1557,Mumbai,West
CUST1558,Customer_1558,Lucknow,North
CUST1559,Customer_1559,Patna,East
CUST1560,Customer_1560,Nashik,West
CUST1561,Customer_1561,Nashik,West
CUST1562,Customer_1562,Nagpur,West
CUST1563,Customer_1563,Nagpur,West
CUST1564,Customer_1564,Jaipur,North
CUST1565,Customer_1565,Lucknow,North
CUST1566,Customer_1566,Lucknow,North
CUST1567,Customer_1567,Bengaluru,South
CUST1568,Customer_1568,Nagpur,West
CUST1569,Customer_1569,Lucknow,North
CUST1570,Customer_1570,Bhubaneswar,East
CUST1571,Customer_1571,Jaipur,North
CUST1572,Customer_1572,Kochi,South
CUST1573,Customer_1573,Chennai,South
CUST1574,Customer_1574,Chennai,South
CUST1575,Customer_1575,Kochi,South
CUST1576,Customer_1576,Hyderabad,South
CUST1577,Customer_1577,Patna,East
CUST1578,Customer_1578,Jaipur,North
CUST1579,Customer_1579,Bhubaneswar,East
CUST1580,Customer_1580,Lucknow,North
CUST1581,Customer_1581,Chandigarh,North
CUST1582,Customer_1582,Jaipur,North
CUST1583,Customer_1583,Kolkata,East
CUST1584,Customer_1584,Kochi,South
CUST1585,Customer_1585,Bhubaneswar,East
CUST1586,Customer_1586,Mumbai,West
CUST1587,Customer_1587,Delhi,North
CUST1588,Customer_1588,Pune,West
CUST1589,Customer_1589,Patna,East
CUST1590,Customer_1590,Kochi,South
CUST1591,Customer_1591,Chandigarh,North
CUST1592,Customer_1592,Lucknow,North
CUST1593,Customer_1593,Chandigarh,North
CUST1594,Customer_1594,Chandigarh,North
CUST1595,Customer_1595,Nagpur,West
CUST1596,Customer_1596,Guwahati,East
CUST1597,Customer_1597,Nagpur,West
CUST1598,Customer_1598,Bengaluru,South
CUST1599,Customer_1599,Kochi,South
CUST1600,Customer_1600,Bengaluru,South
CUST1601,Customer_1601,Kochi,South
CUST1602,Customer_1602,Patna,East
CUST1603,Customer_1603,Jaipur,North
CUST1604,Customer_1604,Pune,West
CUST1605,Customer_1605,Chandigarh,North
CUST1606,Customer_1606,Patna,East
CUST1607,Customer_1607,Jaipur,North
CUST1608,Customer_1608,Delhi,North
CUST1609,Customer_1609,Chennai,South
CUST1610,Customer_1610,Nashik,West
CUST1611,Customer_1611,Kolkata,East
CUST1612,Customer_1612,Bhubaneswar,East
CUST1613,Customer_1613,Kochi,South
CUST1614,Customer_1614,Delhi,North
CUST1615,Customer_1615,Chennai,South
CUST1616,Customer_1616,Lucknow,North
CUST1617,Customer_1617,Hyderabad,South
CUST1618,Customer_1618,Pune,West
CUST1619,Customer_1619,Bhubaneswar,East
CUST1620,Customer_1620,Bengaluru,South
CUST1621,Customer_1621,Bengaluru,South
CUST1622,Customer_1622,Jaipur,North
CUST1623,Customer_1623,Bhubaneswar,East
CUST1624,Customer_1624,Nagpur,West
CUST1625,Customer_1625,Chennai,South
CUST1626,Customer_1626,Hyderabad,South
CUST1627,Customer_1627,Delhi,North
CUST1628,Customer_1628,Pune,West
CUST1629,Customer_1629,Patna,East
CUST1630,Customer_1630,Chennai,South
CUST1631,Customer_1631,Hyderabad,South
CUST1632,Customer_1632,Nashik,West
CUST1633,Customer_1633,Kochi,South
CUST1634,Customer_1634,Patna,East
CUST1635,Customer_1635,Bengaluru,South
CUST1636,Customer_1636,Patna,East
CUST1637,Customer_1637,Delhi,North
CUST1638,Customer_1638,Bengaluru,South
CUST1639,Customer_1639,Delhi,North
CUST1640,Customer_1640,Jaipur,North
CUST1641,Customer_1641,Nagpur,West
CUST1642,Customer_1642,Delhi,North
CUST1643,Customer_1643,Bengaluru,South
CUST1644,Customer_1644,Jaipur,North
CUST1645,Customer_1645,Delhi,North
CUST1646,Customer_1646,Nashik,West
CUST1647,Customer_1647,Patna,East
CUST1648,Customer_1648,Nagpur,West
CUST1649,Customer_1649,Delhi,North
CUST1650,Customer_1650,Jaipur,North
CUST1651,Customer_1651,Lucknow,North
CUST1652,Customer_1652,Chennai,South
CUST1653,Customer_1653,Mumbai,West
CUST1654,Customer_1654,Hyderabad,South
CUST1655,Customer_1655,Mumbai,West
CUST1656,Customer_1656,Lucknow,North
CUST1657,Customer_1657,Mumbai,West
CUST1658,Customer_1658,Lucknow,North
CUST1659,Customer_1659,Pune,West
CUST1660,Customer_1660,Guwahati,East
CUST1661,Customer_1661,Lucknow,North
CUST1662,Customer_1662,Lucknow,North
CUST1663,Customer_1663,Chandigarh,North
CUST1664,Customer_1664,Lucknow,North
CUST1665,Customer_1665,Nashik,West
CUST1666,Customer_1666,Chennai,South
CUST1667,Customer_1667,Kochi,South
CUST1668,Customer_1668,Delhi,North
CUST1669,Customer_1669,Hyderabad,South
CUST1670,Customer_1670,Nagpur,West
CUST1671,Customer_1671,Chennai,South
CUST1672,Customer_1672,Bengaluru,South
CUST1673,Customer_1673,Kochi,South
CUST1674,Customer_1674,Pune,West
CUST1675,Customer_1675,Pune,West
CUST1676,Customer_1676,Kolkata,East
CUST1677,Customer_1677,Patna,East
CUST1678,Customer_1678,Lucknow,North
CUST1679,Customer_1679,Chennai,South
CUST1680,Customer_1680,Jaipur,North
CUST1681,Customer_1681,Chandigarh,North
CUST1682,Customer_1682,Mumbai,West
CUST1683,Customer_1683,Bengaluru,South
CUST1684,Customer_1684,Pune,West
CUST1685,Customer_1685,Hyderabad,South
CUST1686,Customer_1686,Pune,West
CUST1687,Customer_1687,Nagpur,West
CUST1688,Customer_1688,Delhi,North
CUST1689,Customer_1689,Pune,West
CUST1690,Customer_1690,Nagpur,West
CUST1691,Customer_1691,Chennai,South
CUST1692,Customer_1692,Chennai,South
CUST1693,Customer_1693,Chandigarh,North
CUST1694,Customer_1694,Patna,East
CUST1695,Customer_1695,Kolkata,East
CUST1696,Customer_1696,Kochi,South
CUST1697,Customer_1697,Pune,West
CUST1698,Customer_1698,Hyderabad,South
CUST1699,Customer_1699,Pune,West
CUST1700,Customer_1700,Guwahati,East
CUST1701,Customer_1701,Kolkata,East
CUST1702,Customer_1702,Bhubaneswar,East
CUST1703,Customer_1703,Hyderabad,South
CUST1704,Customer_1704,Nashik,West
CUST1705,Customer_1705,Lucknow,North
CUST1706,Customer_1706,Kochi,South
CUST1707,Customer_1707,Nashik,West
CUST1708,Customer_1708,Bhubaneswar,East
CUST1709,Customer_1709,Guwahati,East
CUST1710,Customer_1710,Bhubaneswar,East
CUST1711,Customer_1711,Kolkata,East
CUST1712,Customer_1712,Pune,West
CUST1713,Customer_1713,Kolkata,East
CUST1714,Customer_1714,Kolkata,East
CUST1715,Customer_1715,Bhubaneswar,East
CUST1716,Customer_1716,Guwahati,East
CUST1717,Customer_1717,Kochi,South
CUST1718,Customer_1718,Nashik,West
CUST1719,Customer_1719,Mumbai,West
CUST1720,Customer_1720,Pune,West
CUST1721,Customer_1721,Bhubaneswar,East
CUST1722,Customer_1722,Nashik,West
CUST1723,Customer_1723,Patna,East
CUST1724,Customer_1724,Mumbai,West
CUST1725,Customer_1725,Mumbai,West
CUST1726,Customer_1726,Chennai,South
CUST1727,Customer_1727,Chandigarh,North
CUST1728,Customer_1728,Pune,West
CUST1729,Customer_1729,Mumbai,West
CUST1730,Customer_1730,Bhubaneswar,East
CUST1731,Customer_1731,Chennai,South
CUST1732,Customer_1732,Nashik,West
CUST1733,Customer_1733,Patna,East
CUST1734,Customer_1734,Nagpur,West
CUST1735,Customer_1735,Pune,West
CUST1736,Customer_1736,Kochi,South
CUST1737,Customer_1737,Kolkata,East
CUST1738,Customer_1738,Hyderabad,South
CUST1739,Customer_1739,Hyderabad,South
CUST1740,Customer_1740,Nashik,West
CUST1741,Customer_1741,Guwahati,East
CUST1742,Customer_1742,Jaipur,North
CUST1743,Customer_1743,Jaipur,North
CUST1744,Customer_1744,Nashik,West
CUST1745,Customer_1745,Bhubaneswar,East
CUST1746,Customer_1746,Mumbai,West
CUST1747,Customer_1747,Chandigarh,North
CUST1748,Customer_1748,Pune,West
CUST1749,Customer_1749,Hyderabad,South
CUST1750,Customer_1750,Hyderabad,South
CUST1751,Customer_1751,Chandigarh,North
CUST1752,Customer_1752,Guwahati,East
CUST1753,Customer_1753,Mumbai,West
CUST1754,Customer_1754,Hyderabad,South
CUST1755,Customer_1755,Kolkata,East
CUST1756,Customer_1756,Kochi,South
CUST1757,Customer_1757,Pune,West
CUST1758,Customer_1758,Delhi,North
CUST1759,Customer_1759,Hyderabad,South
CUST1760,Customer_1760,Nashik,West
CUST1761,Customer_1761,Kochi,South
CUST1762,Customer_1762,Hyderabad,South
CUST1763,Customer_1763,Lucknow,North
CUST1764,Customer_1764,Patna,East
CUST1765,Customer_1765,Kolkata,East
CUST1766,Customer_1766,Kochi,South
CUST1767,Customer_1767,Chennai,South
CUST1768,Customer_1768,Delhi,North
CUST1769,Customer_1769,Patna,East
CUST1770,Customer_1770,Bengaluru,South
CUST1771,Customer_1771,Nashik,West
CUST1772,Customer_1772,Nashik,West
CUST1773,Customer_1773,Pune,West
CUST1774,Customer_1774,Chandigarh,North
CUST1775,Customer_1775,Patna,East
CUST1776,Customer_1776,Kochi,South
CUST1777,Customer_1777,Mumbai,West
CUST1778,Customer_1778,Nashik,West
CUST1779,Customer_1779,Guwahati,East
CUST1780,Customer_1780,Kochi,South
CUST1781,Customer_1781,Bhubaneswar,East
CUST1782,Customer_1782,Guwahati,East
CUST1783,Customer_1783,Kochi,South
CUST1784,Customer_1784,Bhubaneswar,East
CUST1785,Customer_1785,Lucknow,North
CUST1786,Customer_1786,Guwahati,East
CUST1787,Customer_1787,Nagpur,West
CUST1788,Customer_1788,Nagpur,West
CUST1789,Customer_1789,Bengaluru,South
CUST1790,Customer_1790,Chennai,South
CUST1791,Customer_1791,Bengaluru,South
CUST1792,Customer_1792,Bhubaneswar,East
CUST1793,Customer_1793,Patna,East
CUST1794,Customer_1794,Hyderabad,South
CUST1795,Customer_1795,Guwahati,East
CUST1796,Customer_1796,Mumbai,West
CUST1797,Customer_1797,Hyderabad,South
CUST1798,Customer_1798,Jaipur,North
CUST1799,Customer_1799,Hyderabad,South
CUST1800,Customer_1800,Pune,West
